STATEFP,dem_margin,dem_votes,gop_votes
53,0.08814248888660764,1759614,1474547
30,0.038907648814198226,255933,236115
54,0.06782586281289055,350392,301976
50,-0.08742288967474904,139253,166817
37,0.002181483646620408,2309157,2298880
49,-0.3794402292588508,323573,751906
10,0.19153373541514007,248404,166852
18,-0.05775965532133953,1229961,1386034
33,-0.02266641244617973,327345,343275
38,-0.5712821811478765,65855,259863
29,-0.05566696217863071,1277360,1433397
41,0.07227309820965322,984922,844372
